first_name,last_name,id
Barnabe,Clynman,1
Valdemar,Size,2
Edithe,Bleakley,3
Sonja,Diamant,4
Elsey,Sreenan,5
Wilmer,Sykes,6
Wang,California,7
Shadow,Cabane,8
Deborah,Longfellow,9
Albertina,McCrorie,10
Trude,Vakhonin,11
Corabel,Greeding,12
Farra,Pickett,13
Sal,Plott,14
Eddi,Cicchitello,15
Jonas,East,16
Emiline,Moultrie,17
Laverna,Rignold,18
Ludovico,Hebborn,19
Des,Tubritt,20
Fritz,Angove,21
Persis,Dinesen,22
Christian,Kelshaw,23
Bartholomeo,McBlain,24
Lorrie,Lightbourn,25
Bobbi,Adriani,26
Heriberto,Carlesi,27
Stearn,Quilligan,28
Amalle,Vanyutin,29
Wilden,Stratley,30
Netty,Motion,31
Garvin,Cotte,32
Ashby,Woolbrook,33
Modesty,Doldon,34
Maurene,Hesbrook,35
Cindee,Mogey,36
Korie,Donwell,37
Casi,Miebes,38
Alvira,Loxdale,39
Ellis,Cadagan,40
Jarib,Brownsett,41
Esdras,Gullis,42
Jordain,Gaine,43
Kingsly,Kelemen,44
Sallee,Ashworth,45
Erika,Willmont,46
Rinaldo,Standbrook,47
Abbey,Scholer,48
Colver,Ilyenko,49
Phillipp,Klulik,50
Rancell,Salvidge,51
Lesli,Sidry,52
Ellette,Connikie,53
Olivie,Easterbrook,54
Idell,McVicker,55
Tonie,Roos,56
Herby,Duffit,57
Lila,Byrd,58
Shayna,McCluskey,59
Ellie,Bottomer,60
Gardie,Lamputt,61
Angelina,Incogna,62
Berget,Nussen,63
Alley,Wrighton,64
Dione,Shire,65
Ashly,Connichie,66
Ossie,Besson,67
Luce,Jackling,68
Juliann,Wickham,69
Lillian,Lansdale,70
Cornie,Tindall,71
Dina,Alster,72
Normand,Mein,73
Wildon,Rizzillo,74
Hailee,Jeroch,75
Corissa,Newarte,76
Rancell,Chrispin,77
Kariotta,Zammett,78
Tammy,Jeannet,79
Osbourne,Heinert,80
Marcia,Kaes,81
Curry,MacCracken,82
Duke,Ramalhete,83
Domeniga,Cutajar,84
Blaire,Kolyagin,85
Kerry,Glassard,86
Adolphe,Snook,87
Byrom,Kaygill,88
Neddie,Klimaszewski,89
Neal,Marzelle,90
Laureen,Ezzell,91
Davine,Druce,92
Carny,Baird,93
Thadeus,Alcido,94
Berry,Chanter,95
Kamillah,Mott,96
Godfree,Cains,97
Rubia,Blundan,98
Bart,Godain,99
Carlina,Chamberlayne,100
Alaric,Dils,101
Tracy,Bamell,102
Laural,Melly,103
Bary,Ableson,104
Joell,M'Chirrie,105
Danni,Vaines,106
Emelia,Bullough,107
Cinnamon,Flounders,108
Farica,Soaper,109
Peggy,Lemerie,110
Craig,Greenslade,111
Zitella,Bachman,112
Willa,Schlag,113
Leonerd,Dewes,114
Jacquelin,Willavize,115
Amble,Brahams,116
Rona,McGlew,117
Libbi,Cargenven,118
Ina,Le,119
Jamie,Skittle,120
Stephani,Battle,121
Rogers,Ciccetti,122
Calv,Drinkhill,123
Timothea,Sprulls,124
Darb,Seston,125
Jessee,Wale,126
Eve,Reith,127
Rolland,Currier,128
Hayes,Halshaw,129
Pieter,Ventris,130
Dalia,Blades,131
Sabine,Fader,132
Steward,Rogez,133
Vanya,Cicchinelli,134
Rene,Rockhill,135
Marji,Coulbeck,136
Nicolle,Strain,137
Xaviera,Swash,138
Selle,Johnston,139
Caressa,Bavridge,140
Benedict,Robichon,141
Rogerio,Armitage,142
Otto,Nelius,143
Bing,Ferrai,144
Avril,Wagner,145
Devondra,Cutforth,146
Giustino,Minchella,147
Dore,McIlvaney,148
Elene,Lukacs,149
Leicester,Mattedi,150
Blayne,Wordsworth,151
Bidget,Royle,152
Heidie,Cossem,153
Seward,Greenhead,154
Ariana,Duigan,155
Rollin,Dainton,156
